country,market,x_location,y_location
Madagascar,Madagascar,5199947.826683926,-2129398.779459702
Madagascar,Betsiboka,5260967.0238815965,-1931973.0575045953
Madagascar,Atsimo Atsinanana,5263615.196582869,-2659309.1067168536
Madagascar,Androy,5067884.564979392,-2837281.9344929443
Madagascar,Beloha,5016219.338198919,-2897116.0393475895
Madagascar,Diana,5467027.475563439,-1483092.3793804378
Madagascar,Ambovombe-androy,5072455.941196847,-2913837.669593986
Madagascar,Itasy,5231147.894595051,-2161239.479113876
Madagascar,Sofia,5371857.4261260675,-1718471.7867359715
Madagascar,Haute Matsiatra,5172610.381755022,-2447898.1237386945
Madagascar,Tsihombe,5063262.06445223,-2914921.953923081
Madagascar,Ihorombe,5131780.19289052,-2587670.7443158044
Madagascar,Alaotra Mangoro,5382457.581994253,-2038821.3197362367
Madagascar,Melaky,5007197.942722894,-2008839.98894742
Madagascar,Vatovavy Fitovinany,5328152.156332154,-2423628.645667719
Madagascar,Ampanihy,4981289.174419333,-2838221.4028170207
Madagascar,Analanjirofo,5509399.491930406,-1841369.3053950127
Madagascar,Atsinanana,5440702.458381995,-2152223.0629261197
Madagascar,Boeny,5135086.533210456,-1831944.810049195
Madagascar,Analamanga,5289134.122072875,-2107898.574959941
Madagascar,Amoron'I Mania,5201558.1857535355,-2327501.1397318714
Madagascar,Betioky,5041503.89074025,-2765866.5785650085
Madagascar,Antananarivo,5290523.465442529,-2144344.1691976693
Madagascar,Bekily,5044323.17929603,-2780474.854532661
Madagascar,Bongolava,5154962.577242458,-2106922.0718647144
Madagascar,Anosy,5149836.289977321,-2761022.785725575
Madagascar,Sava,5540749.810216701,-1607953.4611861615
Madagascar,Atsimo Andrefana,4942736.574040699,-2642991.0081329932
Madagascar,Menabe,5023959.09565958,-2277250.5080391387
El Salvador,El Salvador,-9897868.807514347,1551285.3826837388
El Salvador,Chalatenango,-9900689.632279102,1578965.175511446
El Salvador,Santa Ana,-9969403.97020835,1573610.8863096458
El Salvador,San Vicente,-9883349.506517721,1533326.6902163995
El Salvador,Zacatecoluca,-9892987.625954248,1517840.1105334947
El Salvador,San Salvador,-9928744.0029945,1539705.344345638
El Salvador,Ahuachapan,-10001643.33038843,1565432.094287242
El Salvador,Usulutan,-9844900.266467383,1499040.1182812804
El Salvador,Sonsonate,-9988446.104192263,1542153.6627056235
El Salvador,La Union,-9778265.310323695,1498325.0075824952
El Salvador,Cojutepeque,-9900147.773525715,1542311.6474497342
El Salvador,San Francisco Gotera,-9807923.159891093,1539272.3427641243
El Salvador,Sensuntepeque,-9866078.576951822,1560015.2882046008
Somalia,Somalia,1699477.5965504732,-1480367.9123342321
Somalia,Bossaso,5500376.495730743,1232403.346449192
Somalia,Gaalkacyo,5279975.398224361,755362.0238123544
Somalia,Qardho,5517754.491519294,1053950.1470557363
Somalia,Garowe,5397124.579430988,939142.8433740913
Somalia,Berbera,5010868.844797584,1168504.312261239
Somalia,Hargeysa,4904937.473393533,1069382.583992312
Cape Verde,Cape Verde,-2802168.1648260155,1927289.8485874417
Cape Verde,Santiago,-2631015.919671414,1703042.3423687345
Cape Verde,Santo Antao,-2802114.557507247,1927368.073408958
Cape Verde,Sao Vicente,-2779913.5536862365,1903249.599829958
Burkina Faso,Burkina Faso,-187910.7958910567,1354280.1774284889
Burkina Faso,Djibo,-178600.42577254027,1592448.8107732409
Burkina Faso,Diebougou,-363730.20916032355,1228116.3080602514
Burkina Faso,Bousse,-204062.55841793865,1425679.5328163586
Burkina Faso,Fada N'Gourma,40000.39923089975,1352206.7964275316
Burkina Faso,Guelwongo,-95991.62067527167,1232729.9573217074
Burkina Faso,Leo,-235712.87093573288,1252685.5836906729
Burkina Faso,Tenkodogo,-34073.706601747035,1318853.9187582075
Burkina Faso,Gorom Gorom,-33127.97305290054,1633567.9464108744
Burkina Faso,Banfora,-529061.3534042529,1191612.5171122295
Burkina Faso,Dori,-6212.134291318845,1576189.904371511
Burkina Faso,Dedougou,-384941.3520097597,1398298.4601040897
Burkina Faso,Pouytenga,-46073.167761303135,1374959.4343816848
Burkina Faso,Gourcy,-269052.37846487254,1482777.436051626
Burkina Faso,Tougan,-325248.1835907056,1470539.3076627075
Burkina Faso,Kaya,-120665.79731663328,1469513.9042451647
Burkina Faso,Ouahigouya,-269137.0215714067,1526187.0561642284
Burkina Faso,Koudougou,-263352.28196843615,1374218.7835021152
Burkina Faso,Kongoussi,-169911.31365376164,1496600.367902821
Niger,Niger,1037925.4772603265,2006626.5598059057
Niger,Magaria,1027968.7057814056,1578783.0938881468
Niger,Tchintabaraden,646055.0435461393,1792943.951152654
Niger,Birnin Gaoure,323439.67105578276,1469038.3592223944
Niger,Maradi Commune,790707.6307804348,1515391.5593426265
Niger,Dan Issa,807901.5940504007,1483142.7816195895
Niger,Sabon Machi,776353.0492343367,1559488.805070284
Niger,Konni,584181.3105900332,1550319.5188186038
Niger,Loga,382701.97926221736,1528748.796859161
Niger,Abala,381804.9476205574,1681373.463808349
Niger,Gaya,75065.5156291742,1657982.8388973775
Niger,Tahoua Commune,583720.024884084,1674814.717731414
Niger,Arlit,823021.8421861241,2124240.6488096667
Niger,Dogondoutchi,456083.9103406463,1533480.7227394362
Niger,Torodi,200375.08342789244,1473064.3114098387
Niger,Tessaoua,909986.4651654273,1554456.3970032476
Niger,Ayorou,102361.633633037,1658520.9571242617
Niger,Badaguichiri,655126.2684757998,1641156.483196607
Niger,Dosso Commune,355555.38311146386,1464919.9616231485
Niger,Bonkaney,238296.17928611187,1521129.4840599324
Niger,Kazoe,1109955.5107506516,1599193.1141776678
Niger,Agadez Commune,889306.1201591542,1918179.458188313
Niger,Tillaberi Commune,163086.89453457814,1597763.1808384762
Niger,Mangaize,217505.09365039755,1652717.2646580653
Niger,Bouza,677673.1909660756,1632413.8576347616
Niger,Goudoumaria,1245449.8880051808,1540916.7912271202
Niger,Kornaka,768214.4701304914,1585982.3043480727
Niger,Harobanda,233829.0008953465,1515382.8476992731
Niger,Guidiguir,1094528.5217580472,1536459.5314729882
Niger,Dole,1138029.86331465,1689704.6820633246
Niger,Galmi,631784.0852015251,1570271.483077845
Niger,Petit Marche,1000725.4979315166,1551788.7433823727
Niger,Keita,674497.7318282988,1666328.5346358682
Niger,Dungass,1368595.2156597432,1492994.179134953
Niger,Ouallam,244481.41793022997,1641666.1181056316
Niger,Tanout,948915.5460865612,1704348.1868626866
Niger,Filingue,370040.9042086076,1614631.3433586182
Niger,Bankilare,80906.22667211568,1641153.7916116596
Niger,Katako,692036.2048713476,1022930.6534294779
Niger,Ourno,717890.6976962273,1608399.6656201154
Niger,Mokko,364257.07742546155,1479795.803867471
Niger,Tera,224351.04195910046,1557838.548893067
Niger,Guidan Roumdji,774410.2834342628,1522181.1556536155
Niger,Nguigmi,1477625.9777223072,1792806.5368953748
Niger,Tchadoua,829232.5792164624,1522336.5390604795
Niger,Kirtachi,271683.83340957155,1440908.14115145
Niger,Tounfafi,665708.7668124698,1579680.5018282023
Niger,Aderbissinat,878827.3381920565,1760591.9723022012
Niger,Kaou,1398914.9380127876,2364077.7325509265
Niger,Goure,1203599.8887135978,1720826.8762151513
Niger,Mayahi,846940.5193854705,1586764.981070008
Niger,Dakoro,791231.7300212081,1643173.0208200684
Niger,Maine Soroa,1289377.48302398,1545808.0611185955
Niger,Wadata,381083.7197716568,1692636.647211732
Niger,Gotheye,174400.79532160712,1557956.759998871
Niger,Nguel Kolo,1376614.9500752178,1507872.3471420812
Niger,Matameye,952709.9469928965,1507019.780321822
Niger,Abalak,686934.1165602106,1760908.3721186575
Pakistan,Pakistan,7931235.308974268,3546147.535352986
Pakistan,Peshawar,7968109.534077168,4030465.0965822823
Pakistan,Karachi,7478687.534208732,2893918.3258572156
Pakistan,Multan,7956282.060819366,3529023.7055293215
Pakistan,Quetta,7460458.981913877,3527891.0901577035
Pakistan,Lahore,8274321.445265581,3700008.5357230566
Myanmar,Myanmar,10686667.242235983,1941211.3846878845
Myanmar,Bhamo,10823965.117692804,2785936.4757939125
Myanmar,Lashio,10881480.225042492,2623958.380176992
Myanmar,Tangyan,10956553.610213714,2561086.7830764083
Myanmar,Man Tone,10698949.722780455,2503171.463823384
Myanmar,Matupi,10402141.391993415,2463149.950851337
Myanmar,Mansi,10830849.615941167,2768062.3214943195
Myanmar,Hsihseng,10826134.17797091,2292071.037247263
Myanmar,Man Pan,10879174.9653674,2623445.3649629653
Myanmar,Yenanchaung,10564555.371338097,2331276.8833486633
Myanmar,KonKyan,10970462.45144104,2747459.9418264194
Myanmar,Gangaw,10478825.359435337,2532780.82548378
Myanmar,Pakhangyi,10597508.768127972,2455824.851718927
Myanmar,Kalay,10465800.800901338,2655705.8522926574
Myanmar,Min Kan,10708857.580475122,2520242.0919239493
Myanmar,Hopone,10813983.644418875,2244629.9653233206
Myanmar,Pang Yang,10997973.845767837,2526836.425146614
Myanmar,Pang Kham,10843281.676485417,2540874.364329618
Myanmar,Hakha,10415874.734811246,2576286.8997251224
Myanmar,Pakokku,10582313.204007767,2431336.9751923364
Myanmar,Shwegu,10774324.662066238,2781194.339089118
Myanmar,Kong Chang,11190345.032928677,1542200.0886041527
Myanmar,Ban Wai,10707089.05885684,1907935.4936087618
Myanmar,Tedim,10425699.713191016,2677036.0187721304
Myanmar,Wai Maw,10706359.259407146,1898669.3048107177
Myanmar,Thantlang,10400363.052241815,2595542.7822156716
Myanmar,Buthidaung,10300823.022364195,2376143.18804608
Myanmar,Muse,10898319.702525975,2753140.9337863163
Myanmar,Kutkai,10902460.654000096,2687660.4097033595
Myanmar,Phekhon,10798580.878547467,2257484.5058047883
Myanmar,Falam,10428299.591030441,2621614.847656666
Myanmar,Wein Kao,11014132.370794188,2547781.658130789
Myanmar,Taunggyi,10799198.407200811,2366227.5570768425
Myanmar,Myin Hlut,10297161.54620082,2347453.9221773255
Myanmar,Sadung,10898010.657355634,2924490.2139782556
Myanmar,Tonzang,10429787.632059721,2705421.626659613
Myanmar,Magway,10545988.271017248,2305612.833121523
Myanmar,Rathedaung,10325345.637518844,2330972.3617788963
Myanmar,Maungdaw,10299458.4839564,2387916.5870653824
Peru,Peru,-9921768.578986056,5060737.666287544
Peru,Lima,-8575666.802274983,-1352777.3434986148
Senegal,Senegal,-1608896.28123894,1628776.0592884328
Senegal,Bambey,-1835876.7007025268,1656216.0883633993
Senegal,Bakel,-1386685.3676222893,1678250.3087719304
Senegal,Thilmakha,-1789868.9340190191,1725652.191830148
Senegal,Ndiagne,-1789219.2066790548,1737334.8839646853
Senegal,Kolda,-1605020.8238920774,1474491.2890768216
Senegal,Bignona,-1806600.676499313,1437021.2368929358
Senegal,Tambacounda,-1457080.3960915883,1554737.64957328
Senegal,Passy,-1810124.372528934,1572501.3721739675
Senegal,Diakhao,-1813359.0831604563,1627359.8988668483
Senegal,Thies,-1887191.2233594374,1665563.9348378982
Senegal,Birkelane,-1752941.7097065507,1588929.7254419187
Senegal,Mako,-1375281.4204991579,1442694.1825649603
Senegal,Mbafaye,-1826146.3753317776,1623257.2004847133
Senegal,Castors,-1942344.654316099,1657042.3251345928
Senegal,Kaffrine,-1672546.0053511623,1606646.2650913463
Senegal,Ndindy,-1766899.3370804293,1673248.97173617
Senegal,Dakar,-1942295.5735526083,1653893.6047586761
Senegal,Sare Yoba,-1681517.6104685117,1432934.3685967822
Senegal,Porokhane,-1761758.8701623736,1539222.0205740484
Senegal,Diaobe,-1576270.987516229,1449793.9731502305
Senegal,Touba Toul,-1854769.5663812342,1668124.6481649398
Senegal,Saint-Louis,-1702679.6460433966,1826462.4301422862
Senegal,Mabo,-1744318.3676161482,1564475.1328471035
Senegal,Fatick,-1825907.049558521,1567403.0911772382
Senegal,Salemata,-1426878.3384403125,1417735.115504373
Senegal,Gossas,-1733688.3915166548,1670042.1744701422
Senegal,Ourossogui,-1482898.3916327998,1759195.1730345765
Senegal,Mpal,-1811051.2297412283,1795305.1678099355
Senegal,Thiaroye,-1934047.166639146,1661737.902190444
Senegal,Diourbel,-1786808.4829183847,1655155.4992497773
Senegal,Diama Gadio,-1716730.0470809021,1549771.059108513
Senegal,Tilene,-1810536.7110547815,1410341.2472947538
Senegal,Oussouye,-1841589.1828240238,1401406.6731811126
Senegal,Kaolack,-1757610.4602823697,1569992.1192381345
Senegal,Gueule Tapee,-1943335.831930173,1652678.5525542784
Senegal,Sedhiou,-1731693.735484774,1447571.4741598046
Senegal,Ndrame Escale,-1799627.968686444,1550719.904142724
Senegal,Kedougou,-1367755.4553396576,1446613.7500633306
Senegal,Missirah,-1302247.663688146,1469622.8658716627
Senegal,Sagatta,-1800291.8781295351,1721755.9451477604
Senegal,Saint-Maur,-1811811.1532555085,1411113.7719799685
Senegal,Louga,-1708106.6827266014,1716889.939596105
Senegal,Touba,-1767313.4678500786,1673595.9764197227
Senegal,Matam,-1550013.5694170601,1689532.6162399203
Senegal,N'Doffane,-1811416.1572959467,1629796.107693254
Senegal,Mbar,-1754253.0755719938,1636025.6218707424
Senegal,Keur I. Yacine,-1941354.0555633763,1661219.3883111435
Ethiopia,Ethiopia,4302734.349876353,1142824.342153009
Ethiopia,Alamata,4403520.757054919,1393354.4587460903
Ethiopia,Jijiga,4788730.593800845,1052328.833187803
Ethiopia,Adwa,4329824.805120975,1593110.9467037763
Ethiopia,Deder,4613388.276101735,1041233.4009419761
Ethiopia,Delo,4211587.030613881,648623.855514835
Ethiopia,Abomsa,4436081.708111952,959086.0059055387
Ethiopia,Derashe,4165061.9476348297,619792.0334836207
Ethiopia,Debark,4218890.323918559,1477669.1697633918
Ethiopia,Korem,4399601.086464598,1403525.6146110366
Ethiopia,Debre Birhan,4400736.645458231,1082195.0927168415
Ethiopia,Hawzien,4389425.460866777,1571893.2029709206
Ethiopia,Robe,4453681.019043744,795121.3736508023
Ethiopia,Hossana,4213756.124287835,842923.5982652019
Ethiopia,Amaro,4712524.739183612,841033.170338024
Ethiopia,Merti,4116965.463439598,1062414.3112675338
Ethiopia,Woliso,4227765.314699255,955404.402155327
Ethiopia,Turmi,4061802.6482498627,553768.6223824418
Ethiopia,Debre Markos,4199969.394596222,1157370.5480501782
Ethiopia,Gamo Gofa,4147297.5990309645,684761.0369816695
Ethiopia,Mota,4216892.072267125,1241340.6740507663
Ethiopia,Adigrat,4393522.872097754,1606560.7904738267
Ethiopia,Babile,4564099.122524217,1028568.7625034245
Ethiopia,Dire Dawa,4659357.437185837,1073078.5737905358
Ethiopia,Bure,4705456.519247643,1414179.7269317475
Ethiopia,Kobo,4616909.589894254,1048467.456607093
Ethiopia,Jimma,4133585.3481063875,899206.8672223086
Ethiopia,Shashemene,4309919.989611211,981608.0670532966
Ethiopia,Gode,4848212.200094922,663846.5910392542
Ethiopia,Ambo,4214048.371347015,1004004.1063099537
Ethiopia,Ziway,4310192.2882176405,885432.9470799001
Ethiopia,Aroresa,4796841.628074397,1055642.475690907
Ethiopia,Bati,4454978.414313091,1253844.843005005
Ethiopia,Kersa,4660545.216152601,1057335.6115187095
Ethiopia,Assela,4356151.475075366,888312.6467654601
Ethiopia,Addis Ababa,4314882.8908095015,1007237.573748055
Ethiopia,Yabelo,4240714.777255357,545301.3885121117
Ethiopia,Nazareth,4314521.9707564525,1010431.350198623
Ethiopia,Sodo,4203731.436787581,765949.5528733921
Ethiopia,Sekota,4345405.415010873,1417000.9456881487
Ethiopia,Gonder,4170781.3127907356,1415252.2959206763
Ethiopia,Robit,4159638.6770402915,1385566.7907796276
Ethiopia,Mekele,4393517.052506078,1517282.4523125242
Ethiopia,Abi Adi,4395291.163135402,1558018.42260548
South Sudan,South Sudan,3302491.922875133,878845.9198233112
South Sudan,Konyo Konyo,3518847.5203316505,538386.0773083394
South Sudan,Rumbek,3303600.5648158924,759472.2649382761
South Sudan,Malakal,3523309.250050441,1067049.015287647
South Sudan,Torit,3625522.940080214,491786.58316253306
South Sudan,Bentiu,3317715.9764360213,1034867.2246850596
South Sudan,Bor,3513101.58670317,691978.8260977309
United Republic of Tanzania,United Republic of Tanzania,4318318.62899693,1005027.2518124613
United Republic of Tanzania,Morogoro,4209412.97708237,-766419.0145972852
United Republic of Tanzania,Babati,3979577.118632611,-469084.43114564667
United Republic of Tanzania,Tanga,4351636.0561569445,-568289.4077682159
United Republic of Tanzania,Bukoba,3541358.035690209,-148196.36183208023
United Republic of Tanzania,Musoma,3775917.590079539,-189738.10395130556
United Republic of Tanzania,Arusha,4086380.9697359884,-381779.11598929134
United Republic of Tanzania,Mbeya,3800076.1429198836,-941393.1660524417
United Republic of Tanzania,Kigoma,3299144.067113169,-543528.3533490852
United Republic of Tanzania,Mtwara,4456529.1193090165,-1172410.176001141
United Republic of Tanzania,Lindi,4375116.457683402,-1122478.553576936
United Republic of Tanzania,Sumbawanga,3520277.385795043,-888111.6182072762
United Republic of Tanzania,Dar Es Salaam,4372671.409960528,-760356.0994888525
United Republic of Tanzania,Moshi,4156959.706702657,-373743.34806393564
United Republic of Tanzania,Tabora,3652367.1566112014,-559567.3516861052
United Republic of Tanzania,Songea,3968357.015648524,-1195693.2582396597
United Republic of Tanzania,Iringa,3951219.8522993233,-846705.5960354743
United Republic of Tanzania,Mwanza,3662238.9579227995,-280350.8640883861
United Republic of Tanzania,Singida,3857691.959999863,-561615.0428565049
United Republic of Tanzania,Shinyanga,3721089.4538840437,-407283.3763355552
United Republic of Tanzania,Dodoma,3979317.5104481312,-689193.5514025643
Gambia,Gambia,-1724344.0776121805,1513487.2783917077
Gambia,Kuntaur,-1683597.4240303852,1535781.343299043
Gambia,Wellingara,-1661370.0508153334,1523365.6587680867
Gambia,Essau / Barra,-1841891.3534010341,1515121.230672395
Gambia,Lamin,-1829153.1147781038,1499972.2405624478
Gambia,Brikama,-1836728.051036702,1489206.648225271
Gambia,Farafenni,-1736386.2416399282,1525167.603737409
Gambia,Bansang,-1631808.8380704473,1509562.65851006
Gambia,Banjul,-1845192.4722895618,1511803.2723556561
Gambia,Basse Santa su,-1582414.7992687025,1495175.9306335452
Gambia,Sibanor,-1802652.7307583294,1483270.1368661209
Gambia,Sare Ngai,-1651533.6388316492,1513923.3145572182
Gambia,Sare Bojo,-1615975.2546377205,1497303.1930978755
Gambia,Serrekunda,-1856231.024316114,1509904.654442313
Gambia,Wassu,-1656300.9962124128,1538949.6040838482
Gambia,Soma,-1729406.843525662,1510577.6484086832
Gambia,Kerewan,-1795965.8625892682,1513838.2748260614
Gambia,Bakau,-1856576.2817168091,1514333.3267574436
Panama,Panama,-9051012.04859185,928281.1129455578
Lao People's Democratic Republic,Lao People's Democratic Republic,11508014.483058207,2275058.058190066
Lao People's Democratic Republic,Savannakhet,11773188.67547271,1867734.6828816226
Lao People's Democratic Republic,Saravane,11837598.489068069,1789821.0557611035
Lao People's Democratic Republic,Khammouane,11727700.503644427,1978959.430856597
Lao People's Democratic Republic,Luangnamtha,11285913.931584727,2386098.8872805913
Lao People's Democratic Republic,Vientiane Province,11362857.985884937,2117825.0272851977
Lao People's Democratic Republic,Huaphanh,11534963.339910539,2300947.1126063853
Lao People's Democratic Republic,Xiengkhuang,11489900.252689801,2207986.5957343704
Lao People's Democratic Republic,Bokeo,11176010.58056163,2310674.806120661
Lao People's Democratic Republic,Luang Prabang,11369716.157073729,2259855.749770382
Lao People's Democratic Republic,Sekong,11907153.322548656,1789214.8512981727
Lao People's Democratic Republic,Champassack,11768538.982200827,1671081.9748539617
Lao People's Democratic Republic,Attapeu,11890380.12468999,1666234.7185798367
Lao People's Democratic Republic,Phongsaly,11385458.926065866,2472762.958540265
Lao People's Democratic Republic,Oudomxay,11327165.59528799,2301323.010520036
Lao People's Democratic Republic,Xayabury,11312074.979986051,2184817.717465418
Lao People's Democratic Republic,Borikhamxay,11593831.390955482,2105627.0200012852
Iran  (Islamic Republic of),Iran  (Islamic Republic of),5894048.040371018,3887442.101947322
Philippines,Philippines,13662375.812774274,1431224.4320558428
Philippines,Catarman,13870818.896605281,1020718.7749451002
Philippines,Iloilo City,13644275.653189506,1198405.7281773807
Philippines,Shariff Aguak,13853118.7323584,765611.6259601173
Philippines,Tuguegarao,13554102.25155926,1991184.042445023
Philippines,La Trinidad,13423852.519463046,1858254.7622459023
Philippines,Davao City,13982664.719226543,788419.4475479026
Philippines,Tubod,13978354.450806925,1068638.502431941
Philippines,Cebu City,13791715.012556318,1153838.4970827738
Philippines,Zamboanga City,13589479.290631512,770483.7148127408
Philippines,Tandag,14048237.053396204,1015036.7483766093
Philippines,Koronadal,13896528.162851304,724728.7462709139
Philippines,Lingayen,13384009.960138142,1807113.4764581337
Philippines,Palayan,13479042.485476587,1751612.9722832115
Philippines,Puerto Princesa,13217524.347966256,1089241.2739163775
Philippines,Manila,13467428.612057716,1642065.4500924763
Philippines,Legazpi,13778557.107241277,1475849.2655761251
Philippines,Santa Cruz,13515866.850579564,1606541.7106387715
Cameroon,Cameroon,1464249.9501600272,514022.48637333035
Cameroon,Garoua,1490952.334527795,1040644.8730428035
Cameroon,Guider,1552233.691945594,1111316.9283579784
Cameroon,Mbaiboum,1719785.1771098764,842218.8858908925
Cameroon,Adoumri,1532656.7457320637,1034647.5368358974
Cameroon,Logone-Birni,1681359.792826414,1320752.4421176494
Cameroon,Rey Bouba,1578569.3787787396,968877.1235467315
Cameroon,Madingring,1670387.1419384119,944575.3792318442
Cameroon,Pitoa,1582657.9878282894,1177447.7340313618
Cameroon,Mada,1640819.2046344911,1294127.4190094892
Cameroon,Ngong,1503882.249230721,1008760.7489581588
Cameroon,Kousseri,1672532.9809707394,1354309.2631374316
Burundi,Burundi,3327012.022209288,-374631.1772801468
Burundi,Bujumbura,3269175.457566036,-374673.1948488204
Burundi,Musenyi,3272267.990943917,-358763.7650204783
Burundi,Ruyigi,3367428.823127449,-386888.2688061054
Burundi,Rugombo,3237411.7655701158,-313269.59942776285
Burundi,Muyinga,3381238.8251111843,-312728.8992019372
Burundi,Ngozi,3320829.738256863,-328613.15405469533
Burundi,Gitega,3329637.4367399015,-394111.8053971905
Burundi,Kirundo,3357967.4790423037,-285142.7188208862
Kenya,Kenya,4278163.600173888,160536.1245899174
Kenya,Lodwar (Turkana),3965356.031419872,346431.00244398543
Kenya,Nairobi,4098476.954679248,-142863.04836963257
Kenya,Garissa,4492452.440608554,-58288.03622022774
Kenya,Mombasa,4413638.692646551,-449993.9044247637
Kenya,Kisumu,3868817.1863917587,-11455.995144773431
Kenya,Kitui,4271641.853670529,-174150.0256556697
Kenya,Marigat (Baringo),4005760.375687013,52420.337226730015
Kenya,Hola (Tana River),4457073.469393719,-166749.56316064193
Kenya,Kilifi,4416608.766801123,-350915.5941225788
Kenya,Marsabit,4198469.051193649,318278.4688486287
Kenya,Mandera,4531328.498156789,359589.01416513603
Kenya,Eldoret,3926410.773982456,57868.32764225838
Kenya,Kajiado,4095027.1788836177,-236242.4606504043
Kenya,Nakuru,4018709.290242554,-51187.62244817348
Yemen,Yemen,5331260.410084262,1844956.9097678368
Yemen,Aden City,5012550.136462882,1435702.9836184117
Yemen,Taizz City,4900453.947318445,1525527.6715230388
Yemen,Sana'a City,4919523.94113721,1735481.7580532315
Yemen,Amran City,4883430.102494311,1839486.4332648858
Yemen,Sa'ada City,4871677.781024741,1913950.3069150357
Afghanistan,Afghanistan,7373637.638251174,3997693.343693646
Afghanistan,Ghor,7226883.038468076,4050377.12632514
Afghanistan,Jalalabad,7843585.570188877,4086714.018425697
Afghanistan,Kandahar,7315302.128518237,3714286.985634119
Afghanistan,Nili,7355410.749638566,3996386.179548155
Afghanistan,Gardez,7710941.328121027,3973574.954080835
Afghanistan,Kabul,7700820.505108524,4099653.3287564632
Afghanistan,Maymana,7212687.365495085,4291889.5838889005
Afghanistan,Fayzabad,7860656.748060497,4469304.9866192555
Afghanistan,Bamyan,7486235.755847648,4129958.829028692
Afghanistan,Mazar,7470512.000224538,4398946.847673247
Afghanistan,Hirat,6925898.000386472,4076007.4044973548
Haiti,Haiti,-8054755.2155834,2171425.0350742
Haiti,Port-au-Prince,-8052806.634688759,2101712.8127269414
Haiti,Port-de-Paix,-8107483.21747466,2265921.5313087744
Haiti,Jacmel,-8074838.977174615,2065103.6239995721
Haiti,Hinche,-8015977.683222763,2171962.232646408
Haiti,Ouanaminthe,-7984483.228547275,2219624.2803419046
Haiti,Jeremie,-8250323.634718331,2113135.738788499
Haiti,Cap-Haitien,-8037357.047839524,2244564.8498266544
Haiti,Gonaives,-8091639.414912676,2207523.264254564
Haiti,Cayes,-8219722.37412507,2069132.9061914068
Honduras,Honduras,-9417389.962692007,1696239.0834811288
Ukraine,Ukraine,3481164.425544747,6357936.478724494
Ukraine,Zakarpattya,2610064.5969728837,6156134.705013707
Ukraine,Ivano-Frankivsk,2750740.1061554546,6261725.276763181
Ukraine,Volyn,2821847.273403854,6579927.0823118845
Ukraine,Zhytomyr,3191444.5859729517,6491395.975373034
Ukraine,Rivne,2922283.1854330604,6554282.290556645
Ukraine,Zaporizhia,3881074.519863261,5854096.937388294
Ukraine,Khmelnytsky,3003330.765594586,6346367.891566949
Ukraine,Sums,3000703.584801126,6346620.76746404
Ukraine,Poltava,3846176.8836388844,6375527.265502123
Ukraine,Chernivtsi,2887366.3465965227,6154646.281772632
Ukraine,Lviv,2675184.595523656,6418949.5685843285
Ukraine,Cherkasy,3568767.120713328,6350672.526242025
Ukraine,m. Kyiv,3397921.714080371,6524594.462785045
Ukraine,Vinnitsa,3169040.480915642,6314321.778521829
Ukraine,Donetska,4209763.951313159,6105404.160373895
Ukraine,Kirovograd,3590004.5078888773,6193990.325615183
Ukraine,Kharkivka,3811647.0470120893,6746791.573290692
Ukraine,Mykolaiv,3562617.19752081,5936512.583735886
Ukraine,Kiev,3397921.714080371,6524594.462785045
Ukraine,Herson,3629271.746293692,5885271.902187663
Ukraine,Chernihiv,3484154.1723662345,6708968.111691594
Ukraine,Ternopil,2848875.717959507,6369695.798055197
Ukraine,Dnipropetrovsk,3900832.11534645,6185073.248146314
Ukraine,Odessa,3421133.375251691,5858359.14715114
Ukraine,Luhanska,4379769.545722751,6204956.551833593
Liberia,Liberia,-1042601.920012959,641161.0939959388
Liberia,Pleebo,-854202.3202378292,511365.38949283375
Liberia,Harper,-855495.255022653,493341.07504117716
Liberia,Foya,-1138639.9805354844,931726.003760213
Liberia,Gbarnga,-1054296.3219514685,780763.7637621745
Liberia,Red Light,-1190088.8573301386,701877.7262981598
Liberia,Voinjama,-1091936.0046304492,921024.408781842
Liberia,Duala,-1200510.5769262556,711399.3817886731
Liberia,Saclepea,-984161.502791899,777123.5205299194
Liberia,Buchanan,-1118694.5583197847,655852.8741927126
Liberia,Kakata,-1141718.081944869,746731.902618711
Liberia,Greenville,-1006538.8271627103,562399.3122663909
Liberia,Tubmanburg,-1205012.8937313897,766458.5944346961
Liberia,Zwedru,-905503.1839932193,676834.0046080414
Liberia,Toe Town,-952567.0943456282,714723.1285738497
Liberia,Bo Waterside,-1266200.709381075,782541.8366741784
Nigeria,Nigeria,890552.8205323954,1073706.7586262226
Nigeria,Gwandu,1333067.0101797688,1137714.4523981507
Nigeria,Damaturu,1331470.1654801865,1316928.7909021964
Nigeria,Biu,1357091.5930645552,1188430.6050041565
Nigeria,Gujungu,1066674.9380081897,1387007.3955995415
Nigeria,Lagos,377838.3336009679,720098.6654720953
Nigeria,Maiduguri,1464257.7202604846,1327450.810744252
Nigeria,Ibadan,433839.8520982382,823565.9852757038
Nigeria,Kaura Namoda,731554.5057895081,1400080.4924203616
Nigeria,Saminaka,965137.8824889339,1165381.6740836697
Nigeria,Giwa,829330.2064098882,1266145.1892046672
Nigeria,Dandume,804000.510742738,1279428.8768054864
Nigeria,Potiskum,1233005.2260945719,1312978.5386409308
Nigeria,Aba,819795.5807039535,569903.8900532732
Nigeria,Mubi,1476581.6895791756,1149151.9796715782
Nigeria,Gombe,1242656.928873845,1150804.7568798012
Nigeria,Dawanau,938324.9566171803,1355966.875669123
Indonesia,Indonesia,12753117.443870328,-534885.4602474748
Guatemala,Guatemala,-10007489.607405912,1762562.3706028375
Guatemala,La Terminal,-9967654.829313416,1666452.5639638745
Sudan,Sudan,3283008.7188048,1641354.902105385
Sudan,Kadugli,3307922.688761279,1233081.3336503666
Sudan,Kosti,3637087.320853476,1477124.5642079846
Sudan,Nyala,2775565.9333391245,1352916.959659774
Sudan,Port Sudan,4142388.4974274756,2227976.0918678944
Sudan,Al Fashir,2822567.5715683834,1531093.8813069954
Sudan,El Geneina,2498591.329435028,1510446.9397854055
Sudan,El Fula,3155418.6752764075,1313224.4264727603
Sudan,Damazin,3825564.410126148,1323792.9352579166
Sudan,El Obeid,3364359.8783496674,1480689.1854083943
Sudan,Kassala,3969509.23396444,1736710.2253479352
Bolivia,Bolivia,-7234790.473781237,-1927446.0015866465
Bolivia,Tarija City,-7088558.897493684,-2513159.908596376
Bolivia,Santa Cruz City,-7041599.961421093,-1960674.8118383535
Bolivia,Sucre,-7264646.583850975,-2160555.578837799
Bolivia,Potosi,-7404649.6787813585,-2059794.5264366867
Bolivia,La Paz City,-7584601.509566965,-1862192.3428085395
Bolivia,Trinidad,-7225107.804284498,-1670146.5072413068
Bolivia,Cobija,-7654945.275410754,-1234733.1717494952
Bolivia,Oruro City,-7471192.429480063,-2034016.237357488
Jordan,Jordan,4112323.2180345375,3654417.92515385
Zambia,Zambia,3067955.8599531893,-1633784.969149779
Zambia,Mwense,3194600.0927867736,-1162362.5712127225
Zambia,Kafue,3136484.071693834,-1775154.6834157153
Zambia,Nyimba,3430273.2843071707,-1638133.5878080511
Zambia,Gwembe,3072971.5377220656,-1862412.1056430808
Zambia,Luwingu,3331133.3257932835,-1148839.1393953708
Zambia,Chadiza,3610591.8014954496,-1581270.7032864804
Zambia,Chililabombwe,3098587.0542414733,-1387618.7170088296
Zambia,Itezhi-tezhi,2896159.116951913,-1777484.6543362178
Zambia,Nchelenge,3198794.588935966,-1045220.8832158339
Zambia,Mambwe,3150917.1112170434,-1734034.1480294075
Zambia,Lukulu,3449675.9264620165,-1158225.1898126297
Zambia,Lusaka Rural,3148912.536618532,-1736536.781554374
Zambia,Mazabuka,3089606.284924899,-1788852.6128519482
Zambia,Chingola,3101365.711183113,-1408080.9024561422
Zambia,Mwinilunga,2719092.820951057,-1315162.4414993771
Zambia,Luangwa,3478310.4053078396,-1524715.3900002996
Zambia,Milenge,3282968.7455521626,-1341368.0580759123
Zambia,Choma,3003161.5154407835,-1899206.8426436915
Zambia,Siavonga,3196005.289851006,-1866934.387399377
Zambia,Zambezi,2744547.1802436435,-1978609.7612093687
Zambia,Mbala,3492195.1406791466,-988623.5776338277
Zambia,Kazungula,2813713.6756805987,-2012724.965738733
Zambia,Isoka,3633120.4396671094,-1136246.9249700962
Zambia,Kabwe,3166391.978722638,-1624920.7842406754
Zambia,Mpika,3495703.0961327697,-1327707.6007253192
Zambia,Lusaka Urban,3152562.0459366483,-1733396.4767797547
Zambia,Chilubi,3337864.6038945206,-1251878.6102751596
Zambia,Nakonde,3632839.280029212,-1092037.543912488
Zambia,Chama,3691200.3932450325,-1256655.0162047204
Zambia,Kalabo,2524118.992612302,-1688628.3972391302
Zambia,Chipata,3634491.528439363,-1532593.9580682477
Zambia,Chavuma,2525834.1031389027,-1469057.8448677259
Zambia,Mumbwa,3012458.641013111,-1687472.034056266
Zambia,Kalulushi,3127502.681593244,-1441585.9330000586
Zambia,Kalomo,2935927.1590096797,-1977843.9116726632
Zambia,Petauke,3487979.504958653,-1602930.5222424048
Zambia,Lundazi,3639802.3475741795,-1365541.534304816
Zambia,Mungwi,3143664.6575238104,-1734231.1217826405
Zambia,Chinsali,3569580.10921849,-1181110.6611676961
Zambia,Kawambwa,3236574.7209229944,-1096754.1575184055
Zambia,Ndola,3187810.5500640552,-1456225.7254647154
Zambia,Mporokoso,3352872.20783751,-1047795.5666921507
Zambia,Mansa,3215284.289447428,-1255650.6362987838
Zambia,Mongu,2575547.461899988,-1719975.859125695
Zambia,Kaoma,2760563.7729192344,-1666267.9479378639
Zambia,Serenje,3364451.538818386,-1486181.2969374543
Zambia,Lusaka,3148354.9261572,-1737241.5920486564
Zambia,Mpulungu,3464218.036822305,-979673.8501367136
Zambia,Kapiri-Mposhi,3192546.1591260443,-1570714.773043679
Zambia,Kaputa,3302151.196177713,-946584.624067225
Zambia,Samfya,3290550.0799724883,-1274389.3169931336
Zambia,Kasama,3471860.6653307686,-1142503.9673396896
Zambia,Shang'ombo,2460141.9335374017,-1842004.515352715
Zambia,Solwezi,2938704.0793672637,-1366279.6260105497
Zambia,Chibombo,3127487.887232918,-1652372.6783944273
Zambia,Mufumbwe,2783489.7326174327,-1475850.2772458177
Zambia,Namwala,2944129.134563532,-1776062.7965736007
Zambia,Luanshya,3163476.54352266,-1475540.1593262327
Zambia,Mkushi,3272976.5506347646,-1530001.2952956653
Zambia,Sesheke,2705547.730955715,-1976353.41701894
Zambia,Livingstone,2878881.1074663983,-2020365.390842904
Zambia,Monze,3058658.021936121,-1836702.2637617746
Zambia,Kitwe,3139970.6315413266,-1438081.27137895
Zambia,Kasempa,2875600.032266961,-1512422.5148532353
Zambia,Chongwe,3192791.8635061234,-1726969.6522665068
Zambia,Chiengi,3221458.8921710546,-947790.443071851
Zambia,Mufulira,3143760.8709597033,-1408505.6596885626
Zambia,Senanga,2593945.2898031375,-1816781.1617675018
Zambia,Katete,3527803.974866303,-1472032.96394604
Zambia,Kabompo,2694816.700544874,-1528190.7661894297
Zimbabwe,Zimbabwe,3311403.2373562693,-2090933.1255156451
Zimbabwe,Mucheke,3430865.9181965315,-2282275.660293091
Zimbabwe,Murambinda,3523525.1542028342,-2186578.982938461
Zimbabwe,Bindura,3484253.106142071,-1949073.9498567546
Zimbabwe,Mbare,3454744.069106904,-2021555.7661138587
Zimbabwe,Murombedzi,3361839.0484806537,-2003077.225650871
Zimbabwe,Checheche,3587515.2599220555,-2363707.525450259
Zimbabwe,Binga centre,3085117.83991488,-2000959.7251361704
Zimbabwe,Mupandawana,3470019.862155733,-2230261.396508875
Zimbabwe,Chikonohono,3361297.200859217,-1966587.8135649266
Zimbabwe,Nyanyadzi,3609378.6305528358,-2245755.90162657
Zimbabwe,Mount Darwin,3522075.1664788285,-1867418.0368783493
Zimbabwe,Sakubva,3633550.87874216,-2154326.5815283023
Zimbabwe,Ngundu,3428737.84343871,-2368228.7265036255
Zimbabwe,Mandava,3346193.132937264,-2309259.589297197
Zimbabwe,Murehwa,3544279.0259572077,-2014670.791384322
Mozambique,Mozambique,-10714964.857170716,2161870.368932849
Mozambique,Montepuez,4341648.972189901,-1474051.6775852996
Mozambique,Alto Molocue,4195032.553290726,-1762203.8950458886
Mozambique,Angonia,3801056.092006848,-1662652.8909234442
Mozambique,Mocuba,4117222.8341023116,-1902116.7216528202
Mozambique,Milange,3982013.924549974,-1815982.2205494663
Mozambique,Tete,3647747.598118364,-1749262.08356425
Mozambique,Xai Xai,3744868.933514002,-2881208.8569318554
Mozambique,Pemba,4510831.6886444725,-1456712.4444710321
Mozambique,Maxixe,3935025.332965035,-2736547.7654625354
Mozambique,Ribaue,4294888.964047358,-1899082.0858107556
Mozambique,Beira,3878569.430570245,-2252749.921705295
Mozambique,Chokwe,3673952.963223638,-2817504.3399144835
Mozambique,Nacala,4529255.353801436,-1638138.2687680267
Mozambique,Manica,3721612.477379587,-2159657.550753464
Mozambique,Nhamatanda,3808054.9896831717,-2186784.99972625
Mozambique,Cuamba,4067599.944691395,-1665930.8896189197
Mozambique,Maputo,3650616.826270144,-3004982.360616338
Mozambique,Quelimane,4106600.0603738734,-2023216.2722350534
Mozambique,Chimoio,3726604.633340059,-2167999.428127731
Mozambique,Nampula,4370580.050686995,-1702965.1414928567
Mozambique,Massinga,3938540.590977254,-2671938.930871315
Mozambique,Lichinga,3923551.65531287,-1494017.367443519
Mozambique,Mutarara,3904996.2324066046,-1973732.7279565511
Mozambique,Inhambane,3847888.8994836407,-2605328.2205206132
Iraq,Iraq,4917536.001104317,3907997.399553037
Iraq,Wasit,5085608.773180086,3854821.5114815026
Iraq,Kerkuk,4942194.058683412,4227952.148025902
Iraq,Al-Muthana,4899766.126448733,4044447.406540179
Iraq,Mosul,4797838.393626602,4348016.783145026
Iraq,Basra,5322084.455777663,3567368.069209562
Iraq,Alanbar,4899439.849021217,3837097.2780297818
Iraq,Erbil,4916556.89183716,4352568.240115253
Iraq,Babylon,4944953.583504522,3834683.627068635
Iraq,Missan,5250710.505970227,3739099.762980486
Iraq,Dohuk,4785897.953649849,4418811.905134145
Iraq,Thi Qar,5020787.333503621,3693214.071544528
Iraq,Najaf,4934792.203101585,3763444.873160485
Iraq,Karbala,4897465.853886828,3845874.2771767364
Iraq,Dyala,5052564.684401062,4078090.270854549
Iraq,Baghdad,4940225.328960937,3935515.7532680966
Iraq,Sulaimania,5058646.680440297,4239842.079123651
Egypt,Egypt,3258048.417676253,3030580.21277419
Turkey,Turkey,3887829.353168749,4715909.089946452
Armenia,Armenia,-8431293.89019496,500603.73139055376
Armenia,Yerevan,4955118.284960358,4891786.053457231
Armenia,Berd,5053051.295291166,4995214.736626533
Armenia,Gavar,5023395.2374783335,4917940.483311996
Armenia,Armavir,4902254.455635117,4888712.420252498
Armenia,Vanadzor,4952069.756177188,4984532.244618346
Timor-Leste,Timor-Leste,11906195.674365208,-705920.420717529
Timor-Leste,Dili,13979324.577905292,-955748.2283102537
Central African Republic,Central African Republic,6142079.462701683,2902593.5730779795
Central African Republic,Bangui,2065078.1443825227,489251.2832295786
Central African Republic,Bambari,2301602.9411394373,643172.3129860441
Central African Republic,Bangassou,2540677.722340005,528651.1585191191
Central African Republic,Bria,2447593.2546945955,729939.5860605915
Georgia,Georgia,-9252178.836238265,3806625.0719933775
Georgia,Tbilisi,4987280.378281878,5115180.91289223
Syrian Arab Republic,Syrian Arab Republic,4346960.503769459,4115090.745525471
Syrian Arab Republic,Lattakia,3982800.36335658,4234776.067752064
Syrian Arab Republic,Sheikh Sa'ad,4011212.3145403084,3873202.5841265884
Syrian Arab Republic,Homs,4086247.8241137057,4126645.5928713824
Syrian Arab Republic,Shahba,4077620.5133704892,3875799.36321647
Syrian Arab Republic,Deir Ezzor,4469477.544217984,4209272.60880545
Syrian Arab Republic,Aleppo,4137046.976377099,4328071.234451629
Syrian Arab Republic,Qamishly,4589187.958310552,4445868.375777866
Syrian Arab Republic,Daraa,4019854.747923381,3845294.985986651
Syrian Arab Republic,Tartous,3994718.517471585,4149434.2471102257
Syrian Arab Republic,Al-Tall,4042233.171574165,3976369.8928890917
Syrian Arab Republic,Jableh,3999184.4105393314,4212809.003792944
Syrian Arab Republic,Raqqa,4342453.244378935,4293699.34983382
Syrian Arab Republic,Qudsayya,4029761.347707802,3967589.7033167672
Syrian Arab Republic,Al-Cha'ar,4226430.004161936,4152562.240137323
Syrian Arab Republic,Sweida,4070814.584418726,3856793.2796002068
Syrian Arab Republic,Hama,4090949.831274432,4182151.9972570604
Tajikistan,Tajikistan,7883162.5546045955,4668549.676309365
Tajikistan,Kurgan-Tyube,7656787.869018211,4556244.721281396
Tajikistan,Gharm,7833985.778053031,4725607.106918112
Tajikistan,Khorog,7660074.276421257,4658623.979337775
Tajikistan,Khujand,7752174.201094244,4907123.976635829
Tajikistan,Dushanbe,7660474.49075513,4656360.776585713
Colombia,Colombia,-8213585.286185891,321787.7928228923
Colombia,Bogota,-8246114.043646187,512405.9175421994
Colombia,Monteria,-8457867.924016502,961481.2550539224
Colombia,Barranquilla,-8327660.388896074,1233450.4789689484
Colombia,Cucuta,-8166300.818526374,29129.45090628712
Colombia,San Vicente,-8383772.0372616965,704109.4215003598
Colombia,Tunja,-8168371.756653552,614968.5484919413
Colombia,Valledupar,-8168167.353665263,1157682.4673921093
Colombia,Cali,-8517199.490264948,382269.6779347867
Colombia,Medellin,-8412809.437398473,696496.6980955461
Colombia,Popayan,-8527747.791254047,271908.01247167075
Colombia,Bucaramanga,-8139379.145893691,793684.6885622512
Colombia,Armenia,-8431293.89019496,500603.73139055376
Colombia,Villavicencio,-8195415.128905312,460316.8201841842
Colombia,Cartagena,-8407640.806649245,1166349.479995954
Colombia,Pasto,-8602575.61750648,135221.96596180927
Colombia,Sincelejo,-8397160.988386467,1041587.8789694384
Ghana,Ghana,-120228.06681493594,896839.4727689276
Ghana,Obuasi,-188086.63615871375,692839.9894809428
Ghana,Sekondi/Takoradi,-194700.1938984366,549199.295586318
Ghana,Cape Coast,-138378.95469165896,569315.1188326639
Ghana,Sunyani,-259477.1169105333,819153.9841839547
Ghana,Tamale,-93845.54787201354,1051618.5351988596
Ghana,Wa,-278961.1113492511,1126191.6794895427
Ghana,Ho,767297.2420541511,6840001.6452145055
Ghana,Tema,-1075.257225470388,631055.7766754389
Ghana,Kumasi,-180676.03086491107,747331.1367912403
Ghana,Ejura,-152254.78450370248,823548.9010134259
Ghana,Bolga,-22961.18118508562,622134.3770592473
Ghana,Accra,-22903.28391792404,619911.6411620438
Ghana,Mankessim,-113326.69253176708,587166.1801819154
Ghana,Koforidua,-29764.54978856009,681504.9671987926
Ghana,Techiman,-215559.17329158573,846832.2165009348
Democratic Republic of the Congo,Democratic Republic of the Congo,2651882.2534951363,-332041.6395540421
Democratic Republic of the Congo,Bunia,3367179.0889818035,173908.47822763573
Democratic Republic of the Congo,Kamina,2783345.7297241427,-976185.0740444323
Democratic Republic of the Congo,Beni,3273463.0733271935,41231.43469295937
Democratic Republic of the Congo,Kabalo,2996349.6420282125,-674737.9367232481
Democratic Republic of the Congo,Likasi,2976654.4411196127,-1230877.5470552347
Democratic Republic of the Congo,Tshikapa,2314195.19043094,-716512.9313113784
Democratic Republic of the Congo,Zongo,2069939.7448441917,483999.0077469808
Democratic Republic of the Congo,Gbadolite,2337679.328319874,477050.4190564235
Democratic Republic of the Congo,Goma,3249311.4509938783,-173018.3167734012
Democratic Republic of the Congo,Bukavu,3209759.2665654398,-279546.9146111897
Democratic Republic of the Congo,Matadi,1502236.523928419,-646467.669568822
Democratic Republic of the Congo,Isiro,3074735.272602245,308951.09278345195
Democratic Republic of the Congo,Kindu,2875487.9915049374,-266427.9814752996
Democratic Republic of the Congo,Kananga,2494512.716875751,-657408.5565962192
Democratic Republic of the Congo,Mbandaka,2032302.0906734301,5240.165243524427
Democratic Republic of the Congo,Moba,3059291.4823978986,-1312085.975783349
Democratic Republic of the Congo,Mwene-Ditu,2610308.208546535,-781910.7812638567
Democratic Republic of the Congo,Lubumbashi,3059351.9765097774,-1307519.3654087584
Democratic Republic of the Congo,Boma,1463123.1585765108,-635711.2934017592
Democratic Republic of the Congo,Kisangani,2805888.9396171467,57709.045177185544
Democratic Republic of the Congo,Kolwezi,2834972.559212473,-1200028.468423825
Democratic Republic of the Congo,Bandundu ville,1934453.98371825,-369808.46403680876
Democratic Republic of the Congo,Uvira,3229060.1529511083,-356212.6395412362
Democratic Republic of the Congo,Mbuji-mayi,2627118.954469445,-683234.3697201854
Democratic Republic of the Congo,Kikwit,2094792.8898309018,-561586.132795887
Democratic Republic of the Congo,Butembo,3260765.459279738,13911.541003013228
Democratic Republic of the Congo,Kalemie,3250163.691539212,-663099.3305023191
Democratic Republic of the Congo,Kinshasa,1704590.545290405,-481546.8897053082
Swaziland,Swaziland,6142807.172809221,2902366.2761035864
Nepal,Nepal,9361046.771281647,3262646.5404413594
Nepal,Kaski,9347688.90413479,3292519.97420398
Nepal,Doti,9001555.599049678,3399584.659165164
Nepal,Ramechap,9501031.042086136,3216035.1025748528
Nepal,Rupandehi,9284418.756871762,3192202.6509884857
Nepal,Illam,9500596.245108576,3212756.8407275015
Nepal,Chitwan,9401360.24633697,3200967.0671848133
Nepal,Dhanusha,9565033.136914514,3090481.545594837
Nepal,Surkhet,9074079.756210173,3332115.18525123
Nepal,Morang,9339962.069357015,3395588.2683757558
Nepal,Jhapa,9783391.487019833,3071560.555113307
Nepal,Achham,9049549.763229247,3384110.2052146774
Nepal,Nuwakot,9246104.951082956,3244643.453104052
Nepal,Banke,9102755.156098966,3261094.594206684
Nepal,Jumla,9150239.41038387,3406087.524691881
Nepal,Kailali,9006158.403330596,3341513.081372241
Nepal,Dhankuta,9723038.06292345,3120653.5702750897
Nepal,Rolpa,9199980.977422005,3290191.697136634
Nepal,Palpa,9309695.473224644,3225082.4553743657
Nepal,Parsa,9533425.3589974,3108177.5829414516
Nepal,Kathmandu,9497806.116437856,3212308.98899699
Cambodia,Cambodia,11674010.768144412,1517674.5520562818
Cambodia,Prey Veng,11739370.187955296,1273648.134625259
Cambodia,Takeo,11665156.415899035,1224780.8663034355
Cambodia,S'ang,11679069.749195207,1293993.6899646176
Cambodia,Pursat,11548582.63973264,1398818.2381149787
Cambodia,Anlong Veng,11586266.329868205,1600981.669451201
Cambodia,Kralanh,11512308.57675581,1527087.5890318574
Cambodia,Samroang,11566077.866729924,1516138.000652607
Cambodia,Kampong Cham,11711701.233108599,1359081.9610384414
Cambodia,Kampong Chheuteal,11696074.024441032,1446470.4413664392
Cambodia,Battambang,11487800.299551578,1471142.4982106239
Cambodia,Kampong Chhnang,11671394.236909162,1363148.087307066
Cambodia,Bat Doeng,11655411.186507685,1309727.3748305934
Cambodia,Banteay Meanchey,11453246.80753299,1551156.598055498
Cambodia,Kampot,11591992.1258008,1190340.8135250479
Cambodia,Chheu Tom,11596837.679336121,1379317.8864510013
Cambodia,Boeung Kok,11740003.092435215,1345398.2931329529
Cambodia,Phnom Penh,11679912.883018475,1296613.7112451491
Cambodia,Siem Reap,11561534.567654252,1501092.4947354451
State of Palestine,State of Palestine,3914223.9502764223,3717420.99701391
State of Palestine,Hebron,3906732.705143489,3701798.9149686117
State of Palestine,Gaza,3836152.19613863,3698863.4539469276
State of Palestine,Ramallah,3917908.8591926107,3750595.3594276384
State of Palestine,Jenin,3929307.0733619668,3824093.9205470537
State of Palestine,Gaza North,3836152.19613863,3698863.4539469276
State of Palestine,Tulkarem,3899249.0853956747,3804223.1360260383
State of Palestine,Bethlehem,3918865.3607853027,3724586.5536384797
State of Palestine,Qalqiliya,3893361.130360841,3788869.6247378644
State of Palestine,Jericho,3947376.352919989,3744421.492984341
State of Palestine,Nablus,3924778.8525113245,3792289.4239515513
Guinea,Guinea,-8620482.559851076,4599800.842927241
Guinea,Dibida (Kankan),-1034855.9221324531,1161196.1200592543
Guinea,Boke,-1552247.03915254,1270764.628221835
Uganda,Uganda,3586341.941357145,170712.72124293773
Uganda,Iganga,3735018.057546726,75500.57879530478
Uganda,Mbarara,3410175.4647335387,-58202.89552366392
Uganda,Kiboga,3554247.54050539,95655.50932251489
Uganda,Lira,3666717.487608324,259986.90932469984
Uganda,Jinja,3698569.6946583525,60842.234183701294
Uganda,Owino,3626168.7489741016,34798.667727566724
Uganda,Kapchorwa,3828963.6436219052,148186.32367113788
Uganda,Gulu,3608872.731217008,320328.6961491756
Bangladesh,Bangladesh,10051397.788305517,2811626.414917394
Bangladesh,Barisal Division,10052018.361070842,2574803.456110773
Bangladesh,Khulna Division,9939191.248149857,2624426.8561746622
Bangladesh,Rajshahi Division,9872799.880826684,2809702.912409611
Bangladesh,Dhaka Division,10072682.08607714,2729193.5786540206
Bangladesh,Chittagong Division,10124518.385451296,2659291.596463665
Bangladesh,Sylhet Division,10208951.792453095,2813633.572891218
Lebanon,Lebanon,-8507411.924412033,4915907.384322813
Lebanon,Tripoli,3987743.750248135,4088760.659667883
Lebanon,Zahle,3996671.1058678944,4008351.808090495
Lebanon,Batroun,3969537.113570423,4063072.842326092
Lebanon,Akkar,4029219.638174042,4103563.436871313
Lebanon,El Metn,3954579.525474647,4013235.6829388817
Lebanon,Koura,3985887.34189187,4074291.6248711077
Lebanon,Chouf,3951095.592767138,4013849.575856636
Lebanon,Beirut,3952128.3817993747,4013937.5256210384
Lebanon,Sour,3918045.581791203,3931479.4409686704
Lebanon,Nabatiyeh,3949904.852701918,3946002.4212919017
Lebanon,Saida,3938106.155532485,3970062.8124394957
Lebanon,West Beqaa,3990803.744938858,3951185.5551098883
Lebanon,Baalbeck,4031069.0734258965,4030098.2618494513
Lebanon,Baabda,3955640.6117289397,4009161.411188753
Lebanon,Aley,3963533.119098386,4003023.5945457397
Djibouti,Djibouti,4759774.800208648,1329412.8449084663
Djibouti,Tadjourah,4751292.620144398,1315354.9153724173
Djibouti,Dikhil,4698726.387737161,1280058.0424132464
Djibouti,Ali Sabieh,4768623.951647902,1250604.4276589456
Djibouti,Arta,4744524.394578493,1281643.0377591536
Djibouti,Obock,4794277.338464288,1376651.0627679457
Mauritania,Mauritania,6141254.243475154,2902218.524154468
Mauritania,Kankossa,-1282304.6655930404,1797395.8736775655
Mauritania,Nouakchott,-1778663.6142633099,2046825.2888123957
Mauritania,Adel Bagrou,-782380.7658898619,1750788.3618798926
Mauritania,Aoujeft,-1775910.237978029,2050503.4551380193
Mauritania,Mederdra,-1743277.7418842635,1911513.309522665
Mauritania,Moudjeria,-1372838.7703085283,2023554.4273289875
Mauritania,Magta-lahjar,-1457482.5711479264,1980593.6450491848
Mauritania,Boghe,-1587451.5832130332,1873793.3174351964
Rwanda,Rwanda,3346757.6842430644,-218748.16717164416
Rwanda,Musha,3321820.9732490326,-281006.8811560035
Rwanda,Mahoko,3266570.937703844,-189071.7133595352
Rwanda,Kimisagara,3345040.7703407127,-217204.08831766952
Rwanda,Nkora,3262043.5406174343,-206256.35352424034
Rwanda,Nyamata,3353040.2252814723,-239483.03582751914
Rwanda,Kabaya,3288346.6553675737,-194420.20356411548
Rwanda,Rushashi,3323657.3202986396,-193189.2879907549
Rwanda,Rukomo,3353340.90665746,-180339.81407138475
Rwanda,Base,3326491.291895255,-183818.56260442472
Rwanda,Kirambo,3244235.9397864193,-257206.0406423477
Rwanda,Kabarondo,3401754.0211343183,-224101.62911704349
Rwanda,Muhondo,3326903.1990952673,-201716.5110190659
Rwanda,Bushenge,3226758.167474676,-267970.26834852
Rwanda,Rugarama,3312234.728700349,-159238.58333430006
Rwanda,Butare,3246043.110612207,-283195.8807948433
Rwanda,Musanze,3299098.9381916015,-167449.31265432137
Rwanda,Nyagatare,3376268.392196769,-144575.4320594902
Rwanda,Bugarama,3231921.84402525,-301868.4876586012
Rwanda,Kamembe,3218186.7512863083,-276927.7985964419
Rwanda,Gakenke,3313743.550099885,-190583.72297742692
Rwanda,Karambi,3392296.0834255912,-191964.72769549294
Rwanda,Nyamirambo,3346256.1788050914,-218658.26838632108
Rwanda,Mulindi,3343070.059131301,-165295.3494097574
Rwanda,Rwagitima,3393230.343384023,-185803.2535261433
Rwanda,Kibuye,3267450.9962022076,-230489.5000219664
Rwanda,Nyanza,3309750.639578669,-310278.53162552894
Rwanda,Muhanga,3309081.645823254,-215828.071562725
Rwanda,Kabacuzi,3311298.9948525564,-217627.2702019675
Rwanda,Kayenzi,3321492.979966942,-212681.0926061346
Rwanda,Byumba,3346721.260505677,-175603.85346849333
Rwanda,Gahanga,3351477.385749819,-225357.60238702732
Rwanda,Gacurabwenge,3328034.7255059374,-222489.23063154682
Rwanda,Rusine,3345608.5442715543,-196404.51388909097
Rwanda,Buhanda,3301975.033083533,-248183.18644474586
Rwanda,Byangabo,3289636.4363837517,-173997.8898902902
Rwanda,Mugina,3334724.848788645,-235331.8074672824
Rwanda,Rwamagana,3387995.9005518397,-217252.93022821998
Rwanda,Nyakarambi,3414797.4371900572,-253211.0612877912
Rwanda,Gisenyi,3257192.15928502,-188552.0244594968
Rwanda,Gatore,3404907.167974936,-253577.4577917757
Rwanda,Kicukiro,3356372.0797949834,-224391.94601449752
Rwanda,Kibirizi,3286024.8578738193,-272662.911656038
Rwanda,Karenge,3375172.2483110894,-231826.08878562207
Rwanda,Ruhango,3271058.4189918987,-206731.57490667922
Rwanda,Nyabugogo,3344584.1823172746,-216196.32159041133
Rwanda,Mukarange,3348292.8422574485,-165574.5212561338
Rwanda,Congo - Nil,3271330.291213219,-218923.24214551333
Rwanda,Kimironko,3354969.255537023,-216292.6905745759
Rwanda,Gikongoro,3293141.608850105,-275282.13575292577
Rwanda,Matimba,3389325.77806155,-124807.8446328843
Rwanda,Kibungo,3401353.4824744957,-238292.5521655347
Rwanda,Mukamira,3284044.813833409,-179799.88867734463
Rwanda,Gaseke,3358002.656001394,-196577.07416136496
Rwanda,Birambo,3295864.5837824503,-228792.2031498934
Rwanda,Ruhuha,3345879.9819260845,-258225.3731693674
Rwanda,Ngororero,3291946.273974018,-211904.89958121954
Chad,Chad,2116808.8238238147,1759996.8196650858
Chad,Am Timan,2257853.4795698053,1236602.0374727969
Chad,Bongor,1711126.8361715684,1150738.9172088755
Chad,Mongo,2079916.6540189977,1366685.144534452
Chad,Kelo,1757399.0534374043,1041371.0810993491
Chad,Abeche,2318603.00812034,1554494.1715514245
Chad,Moussoro,1965820.5768266127,963456.6011920022
Chad,Sarh,2047588.104662894,1021876.0881376329
Chad,Ndjamena,1675389.0383543281,1359271.9422512744
Chad,Gore,1761447.2646437455,941030.402212556
Chad,Bol,1774925.2385956938,856105.8724846722
Chad,Moundou,1789330.682017135,957074.6578498702
Chad,Mao,1704395.7027856694,1588379.5689780174
Azerbaijan,Azerbaijan,5319652.4254664555,4923309.395181474
Lesotho,Lesotho,3154239.9200935788,-3452739.237242157
Lesotho,Qacha's Nek,3192765.1245644353,-3518125.3060622173
Lesotho,Berea,3107768.3518836303,-3400666.8118924256
Lesotho,Quthing,3115339.824973578,-3549925.0813819864
Lesotho,Butha Buthe,3179712.0682407944,-3350590.3323264257
Lesotho,Mafeteng,3054865.0106624234,-3476495.6013157386
Lesotho,Maseru,3058861.6809445275,-3415168.4605336892
Lesotho,Leribe,3146300.658537999,-3377971.3856980014
Lesotho,Mohale's Hoek,3095111.637475009,-3512510.2461798294
Lesotho,Mokhotlong,3262588.5942402054,-3426066.709121421
Lesotho,Thaba Tseka,3183049.638081809,-3448386.0892976634
Mali,Mali,-254924.29445242643,1847615.0236446408
Mali,Kidal,156686.5804114189,2089212.7147644788
Mali,Sogoniko,-886727.5043424697,1414587.6106024033
Mali,Koulikoro Gare,-917668.7234126129,1436983.713556626
Mali,Niamakoro,-886811.9624401347,1411094.2400567476
Mali,Dougouolo,-619640.4200620721,1450920.5291535705
Mali,Kourouma,-649667.8396961915,1331982.4416122306
Mali,Bamako,-889054.4553235988,1414647.5023846342
Mali,Gao,-4590.726744721967,1837033.5378080641
Mali,Loulouni,-624020.4412746207,1219483.3387927928
Mali,Dire,-378167.5387310909,1835757.4761642562
Mali,Koulikoro Ba,-978817.3657334882,1381896.1463706852
Mali,Bla,-641429.317953512,1453947.817178152
Mali,Niarela,-888779.9797178691,1419064.861417111
Mali,Sikasso Medine,-633535.9200281389,1268031.5736190602
Mali,Kolokani,-894037.2207817666,1525768.368309985
Mali,Sirakorola,-842855.3909578818,1492252.5396166737
Mali,Yanfolila,-907508.9942380778,1251947.0217987944
Mali,Badinko,-1026395.394022177,1455842.4059873768
Mali,Diema,-1023166.9506779867,1636449.7748427344
Mali,Bankass,-392200.2177056621,1583121.909370152
Mali,Segou Centre,-697766.9322573853,1510220.0896950737
Mali,Macina,-596520.8869013331,1569850.511324125
Mali,Koro,-526985.1669773147,1502276.7559944626
Mali,Bandiagara,-402005.4722256643,1614459.4452186166
Mali,Yorosso,-531748.951002424,1385888.400618102
Mali,Fadjiguila,-885278.0355167488,1422372.177292858
Mali,Mopti Digue,-506500.2155072565,1563462.2072656185
Mali,Faladie,-886016.3175116389,1413005.3963914094
Mali,Fana,-774696.2701209114,1434277.1507855477
Mali,Magnambougou,-886023.8983689619,1415713.432383772
Mali,Sikasso Centre,-608864.236943371,1391813.6880048986
Mali,Koulogon,-383161.6873104476,1552427.3116561868
Mali,Fatine,-599067.4427046692,1525433.766227542
Mali,Kayes Plateau,-1272819.766303643,1624903.3575755167
Mali,Koutiala,-607814.850367561,1389777.7933615267
Mali,Koury,-534519.6152046251,1366334.5975496403
Mali,Medine,-1265281.0434078865,1617328.9962210758
Mali,Lafiabougou,-1275598.8907871442,1624636.245988615
Mali,Dioro,-649146.6863680937,1538565.090878597
Mali,Ouelessebougou,-880614.4390333535,1345093.3021774795
Mali,Bougouni,-831955.4428293167,1280810.1045071287
Mali,Djenne,-507044.4843276175,1563338.3982178404
Mali,M'Pessoba,-636824.3868417648,1421539.7223892773
Mali,Tonka,-417342.7933684345,1820598.3881502044
Mali,Touna,-649638.2064477423,1472431.133283937
Mali,Djikoroni,-893990.132637161,1416269.9884480666
Mali,Tombouctou,-334929.9798398718,1894289.9943352398
Mali,Dioila,-756407.5464506882,1401408.6000753478
Mali,Monimpebougou,-614527.5269818861,1591200.806083254
Mali,Nara,-811392.9183720993,1708944.1289359764
Mali,Sokolo,-681379.2003994897,1659418.2225180252
Mali,Kayes Centre,-1273262.7622172548,1625137.0092202509
Mali,San,-545274.1244184687,1493922.9979573302
Mali,Koumantou,-761754.6334756049,1278282.7821445158
Mali,Nioro,-1067543.4860712064,1715773.3928482765
Mali,Lere,-341244.23286469874,1598496.1895485146
Mali,Kifosso,-545647.3230113531,1402965.446351723
Mali,Zangasso,-625919.707634841,1363464.6177301416
Mali,Diallassagou,-403693.2315533774,1544486.4584951361
Mali,Segou Chateau,-707226.7193544013,1505118.574941059
Mali,Kita,-1055909.3413730632,1463735.1068632656
Mali,Ansongo,56414.947954127434,1765835.9496236013
Mali,Niono,-666920.4238100093,1603307.1870304518
Mali,Kati,-898006.061191172,1431530.358238971
Mali,Badalabougou,-811273.606141867,1381381.1648129937
Benin,Benin,625849.9548419099,706432.7985345111
Benin,Parakou,292120.1569568145,1043949.7710398475
Benin,Savalou,208119.2492268954,878457.7455936818
Benin,Come,212477.0667739328,717493.7933377828
Benin,Natitingou,154015.07809545283,1147319.4485761905
Benin,Bohicon,231633.57439923598,801823.3878456934
Benin,Dantokpa,270662.67745662667,711190.1649489986
Benin,Glazoue,248146.25690305987,912366.3341227862
Benin,Pobe,298677.68528818403,787781.9440582845
Benin,Azove,191704.497345597,774256.6776113688
Benin,Kalale,370720.2227185561,1161116.6751891545
Benin,Ouando,290673.60130849143,725811.4333107125
Benin,Ketou,288105.45092046465,827250.4977069686
Benin,Banikoara,275296.5892073179,1269092.1743952406
Benin,Nikki,359047.43455249525,1113239.191870746
Benin,Tanguieta,158111.33083459406,1228195.9869621068
Benin,Sinende,263602.25009787193,1148370.0255185699
Benin,Djougou,200191.3910540265,1085255.299832603
Benin,Kerou,222454.49940891456,1228944.7136922488
Cote d'Ivoire,Cote d'Ivoire,-619820.8912205463,892310.0771091902
Cote d'Ivoire,Man,-840481.1020665485,827083.4369264117
Cote d'Ivoire,Guiglo,-834509.3679829433,730392.5247244638
Cote d'Ivoire,Odienne,-841791.5328482686,1062914.4299504021
Cote d'Ivoire,Adjame,-447749.34492429765,596775.5654382629
Cote d'Ivoire,Bouake,-559919.3166272317,858696.6908335557
Cote d'Ivoire,Duekoue,-817977.132294049,752227.858308544
Cote d'Ivoire,Abengourou,-390814.33157121623,743921.856062577
Cote d'Ivoire,Katiola,-567971.1889796982,909250.0140196726
Cote d'Ivoire,Daloa,-718189.8954689954,767354.1830073092
Costa Rica,Costa Rica,-9359064.872463409,1149825.8292469066
Guinea-Bissau,Guinea-Bissau,-1658662.795056879,1357095.153867783
Guinea-Bissau,Bandim,-1736034.2160141924,1328880.8634637033
Kyrgyzstan,Kyrgyzstan,8318247.760110237,5087701.389735698
Kyrgyzstan,Sary-Kamysh,8186654.741389794,4955427.772468501
Kyrgyzstan,Arslanbob,8118275.931537743,5062269.341226125
Kyrgyzstan,Kara-Balta,8218313.024959882,5231341.902829203
Kyrgyzstan,Bazar-Korgon,8097614.611032446,5017297.1492145425
Kyrgyzstan,Pokrovka,8380101.70825743,5284782.490266683
Kyrgyzstan,Nookat,8084097.819974059,4904831.508881119
Kyrgyzstan,Kyzyl-Adyr,7969194.9881679965,5254116.679345755
Kyrgyzstan,Bystrovka,8426576.875422329,5279802.50075946
Kyrgyzstan,Bishkek,8302952.097106131,5293687.599481124
Kyrgyzstan,Talas,8041428.947833506,5239704.632215968
Kyrgyzstan,Osh,8104433.163614465,4944168.619422465
Kyrgyzstan,Orto-Nura,8483348.580080552,5079249.350973869
Kyrgyzstan,Naryn,8531642.370431144,5113096.071978338
Kyrgyzstan,Jalal-Abad,8126112.612182557,5002417.7664533695
Kyrgyzstan,Kaiyrma-Aryk,8477091.567537893,5050095.320791645
Kyrgyzstan,Karakol,8726343.555073049,5234913.23007954
Kyrgyzstan,At-Bashi,8490265.906446751,5046364.901623551
Kyrgyzstan,Batken,7884287.31560762,4874325.26558938
Kyrgyzstan,Tokmok,8384472.058912698,5284272.393146555
Kyrgyzstan,Karasuu,8112985.272362708,4969360.016094738
Sri Lanka,Sri Lanka,8983908.658150172,879751.3463723728
Sri Lanka,Kurunegala,8946178.521137953,835836.3229596956
Sri Lanka,Colombo City,8893349.107190583,773626.3272536409
Sri Lanka,Mannar,8895961.141118404,1003456.4256138853
Sri Lanka,Ampara,9091729.467794899,813843.5392433436
Sri Lanka,Kandy,8976255.689452507,814064.5819196093
Sri Lanka,Matara,8966594.838575961,663300.9128924775
Sri Lanka,Gampaha,8905018.206208834,791564.3036250076
Sri Lanka,Anuradhapura,8951268.115048716,931136.2786107936
Sri Lanka,Batticaloa,9094156.254958091,863751.4557991571
Sri Lanka,Hambantota,9030710.902299015,683124.4710671345
Sri Lanka,Jaffna,8906580.274699492,1081033.5339919215
Sri Lanka,Polonnaruwa,9016916.45816669,886667.2506894171
Sri Lanka,Monaragala,9055903.504940951,766914.7962282824
Sri Lanka,Kilinochchi,8951058.03290569,1049324.6686314614
Sri Lanka,Trincomalee,9042982.640512625,958308.6452516965
Sri Lanka,Matale,8974957.759849604,834161.0369380433
Sri Lanka,Nuwara Eliya,8990948.804702057,778245.583722247
Sri Lanka,Vavuniya,8961227.669514906,978907.2279818428
Sri Lanka,Rathnapura,8950342.816309292,745345.943032365
Sri Lanka,Kalutara,8901245.72224924,734492.3340999304
Sri Lanka,Galle,8929487.944605354,672814.1152240152
Sri Lanka,Badulla,9023217.564359656,780040.5062726928
Malawi,Malawi,3777092.174631815,-1490449.6920927707
Malawi,Mzuzu,3787383.205145741,-1284398.8935126583
Malawi,Mchinji,3675159.7186207282,-1549307.1713082718
Malawi,Mitundu,3760235.3424397167,-1602761.22873786
Malawi,Mzimba,3736906.1284659384,-1328145.6852129293
Malawi,Zomba,3932564.4263779153,-1733762.83260521
Malawi,Bvumbwe,3899153.4062933377,-1798101.959610237
Malawi,Nkhotakota,3817892.593647199,-1451390.3679715756
Malawi,Luchenza,3930571.707305174,-1805319.1148975966
Malawi,Jali,3948350.2760129897,-1746125.5500473762
Malawi,Malomo,3766630.5803940953,-1476568.8691581767
Malawi,Ntonda,3898208.548719384,-1783629.7407336335
Malawi,Monkey Bay,3886669.2148315487,-1583757.3663137269
Malawi,Chitipa,3719219.6384500717,-1115549.8899276126
Malawi,Migowi,3972594.2696141303,-1772206.0991269662
Malawi,Thete,3795593.9860713147,-1610334.6591111238
Malawi,Dowa,3760178.800087095,-1521424.1064838038
Malawi,Sorgin,3897627.093623122,-1867712.8046384729
Malawi,Kasungu,3726799.3867892018,-1464250.578426547
Malawi,Bangula,3909184.2379006646,-1871989.1649979998
Malawi,Balaka,3902099.8985165944,-1694787.199586998
Malawi,Chimbiya,3932342.8894592873,-1733016.6184087293
Malawi,Santhe,3717234.3040705863,-1509566.1607392363
Malawi,Phalombe,3970215.424840199,-1769105.8717251145
Malawi,Chintheche,3803709.2214779407,-1326524.6123690587
Malawi,Ngabu,3883559.705231322,-1857873.7291593712
Malawi,Mponela,3755599.8763916455,-1520316.8986940898
Malawi,Hewe,3730698.8083641487,-1211009.892144362
Malawi,Ntcheu,3870114.6740075154,-1669663.5457614497
Malawi,Liwonde,3922053.543140996,-1697107.7637608438
Malawi,Chilumba,3813390.243446218,-1167952.9653677857
Malawi,Namwera,3952453.0560337175,-1616001.7090673377
Malawi,Nambuma,3740497.3169230083,-1540288.797803435
Malawi,Nkhamenya,3730727.56218862,-1410261.9013857218
Malawi,Dwangwa,3798394.149938576,-1393909.2697917745
Malawi,Rumphi,3767232.962943526,-1208428.0815414945
Malawi,Salima,3835219.405239318,-1547085.7929277753
Malawi,Mpamba,3780859.549026783,-1527801.3896031799
Malawi,Ntchisi,3768675.987536167,-1491387.7303116107
Malawi,Lilongwe,3761242.0491227563,-1571171.400227587
Malawi,Nchalo,3881806.4455152266,-1835971.8914534259
Malawi,Embangweni,3726087.064499565,-1361896.4711508886
Malawi,Mwanza,3850300.142177862,-1748492.2457357517
Malawi,Karonga,3770036.2781204106,-1128479.4104426606
Malawi,Muloza,3977597.5797875794,-1813609.915022621
Malawi,Nthalire,3744945.398872228,-1158550.854405053
Malawi,Bowe,3750487.395193574,-1492556.4036497038
Malawi,Mtakataka,3842377.760925143,-1600025.3738762827
Malawi,Mangochi,3932560.53363059,-1590375.1308782215
Malawi,Lunzu,3890024.395416007,-1753067.540100527
Malawi,Neno,3860938.707917125,-1748480.9528093524
Malawi,Nkhata Bay,3789478.3048283486,-1301186.2871478726
Malawi,Lizulu,3836678.024885342,-1633693.6774748373
Malawi,Chikwawa,3865328.792479413,-1829678.714315063
Malawi,Mwansambo,3797978.828050376,-1495169.4445947222
Malawi,Chiradzulu,3919062.3596064826,-1776335.300980674
Malawi,Kasiya,3719237.887925628,-1545717.2941914813
Malawi,Ntaja,3954939.009506266,-1674451.2371274964
Malawi,Nkhoma,3796412.3958356776,-1578829.6010041307
Malawi,Misuku,3731928.6994942795,-1082924.5998518725
Malawi,Jenda,3734737.1455316558,-1386257.1018149916
Malawi,Limbe,3902093.6880036606,-1784371.289670689
Congo,Congo,1741250.0684914133,-80868.28485742355
Congo,Nkayi,1479254.3035738857,-466185.99149685254
Congo,Ouenze,1701413.609474605,-472838.9413077516
Congo,Moungali,1700108.2548616647,-473799.7411018896
Congo,Sibiti,1480605.590760911,-404672.80888631684
Congo,Mikalou,1699768.6079633052,-468089.204461258
Congo,Total,1699997.903850441,-475372.83352948976
Congo,Monzombo,2061313.104448648,339841.6331547114
India,India,8757253.070352213,2553733.296077008
India,Shimla,8590633.407249512,3646282.7409377443
India,Dharwad,8349702.262220479,1741584.0175035105
India,Amritsar,8334899.797835122,3715403.0541048343
India,Mandi,8571077.004265,3716826.054315225
India,Ahmedabad,8079536.002901094,2634633.8799569034
India,Varanasi,9232707.330524828,2922527.6761120493
India,Kota,8444409.300499791,2897095.116706435
India,Bengaluru,8637423.97259228,1457346.8583788408
India,Rajkot,7881660.509583373,2548132.826423245
India,Agra,8693223.20131088,3126367.438840663
India,Panaji,8218519.19978878,1746775.412610066
India,Mumbai,8113879.223533524,2170651.698824307
India,Kanpur,8941377.289236141,3056279.9563213633
India,Guwahati,10214002.213035049,3021466.002507513
India,Srinagar,8328973.7604024885,4038842.793920945
India,Hyderabad,8735755.695943264,1962959.2667925528
